Time,Team,Operation,BuyVolume,SellVolume,EtfPosition,FuturePosition,EtfPrice,FuturePrice,TotalFees,AccountBalance,ProfitOrLoss,Status
2.6e-05,Asshole,Tick,0,0,0,0,,,0,0,0,OK
0.261545,Asshole,Tick,0,0,0,0,,,0,0,0,OK
0.525784,Asshole,Tick,0,0,0,0,,,0,0,0,OK
0.779763,Asshole,Tick,0,10,-10,10,147600,,-147,147,147,OK
1.021833,Asshole,Tick,0,10,-10,10,147600,147100,-147,147,-1853,OK
1.281955,Asshole,Tick,1,10,-9,9,147000,147100,-118,218,1118,OK
1.502482,Asshole,Tick,1,10,-9,9,147000,147100,-118,218,1118,OK
1.737054,Asshole,Tick,1,10,-9,9,147000,147100,-118,218,1118,OK
1.996838,Asshole,Tick,1,10,-9,9,147000,147000,-118,218,218,OK
2.250985,Asshole,Tick,1,10,-9,9,147000,146900,-118,218,-682,OK
2.473249,Asshole,Tick,11,10,1,-1,146400,146900,-265,-1635,-1835,OK
2.764561,Asshole,Tick,11,10,1,-1,146400,146900,-265,-1635,-1835,OK
3.029018,Asshole,Tick,11,10,1,-1,146400,146900,-265,-1635,-1835,OK
3.235726,Asshole,Tick,11,10,1,-1,146400,146900,-265,-1635,-1835,OK
3.488288,Asshole,Tick,11,20,-9,9,147500,146900,-412,-1488,-3288,OK
3.736615,Asshole,Tick,21,20,1,-1,146300,146900,-559,-2341,-2541,OK
3.986842,Asshole,Tick,21,20,1,-1,146300,146900,-559,-2341,-2541,OK
4.28984,Asshole,Tick,21,20,1,-1,146300,146900,-559,-2341,-2541,OK
4.493713,Asshole,Tick,31,20,11,-11,146300,146900,-706,-2194,-4394,OK
4.717432,Asshole,Tick,31,20,11,-11,146300,146900,-706,-2194,-4394,OK
4.958328,Asshole,Tick,31,20,11,-11,146300,146900,-706,-2194,-4394,OK
5.216351,Asshole,Tick,31,20,11,-11,146300,146800,-706,-2194,-4394,OK
5.504218,Asshole,Tick,31,20,11,-11,146300,146800,-706,-2194,-4394,OK
5.738497,Asshole,Tick,31,20,11,-11,146300,146800,-706,-2194,-4394,OK
5.968767,Asshole,Tick,31,30,1,-1,147000,146800,-412,-2488,-2288,OK
6.214706,Asshole,Tick,31,40,-9,9,147000,146800,-118,-1782,-3582,OK
6.466391,Asshole,Tick,31,50,-19,19,147000,146800,176,924,-2876,OK
6.720453,Asshole,Tick,31,60,-29,29,147200,146700,470,3630,-2170,OK
6.97745,Asshole,Tick,31,70,-39,39,147000,146900,764,4336,436,OK
7.288626,Asshole,Tick,31,70,-39,39,147000,146900,764,4336,436,OK
7.513214,Asshole,Tick,31,70,-39,39,147000,146900,764,4336,436,OK
7.747812,Asshole,Tick,31,70,-39,39,147000,146900,764,4336,436,OK
7.952654,Asshole,Tick,31,80,-49,49,147000,146900,1058,4042,-858,OK
8.248163,Asshole,Tick,41,90,-49,49,146300,146900,1205,3895,13695,OK
8.504574,Asshole,Tick,41,90,-49,49,146300,146900,1205,3895,13695,OK
8.773708,Asshole,Tick,41,90,-49,49,146300,146900,1205,3895,13695,OK
8.958285,Asshole,Tick,51,90,-39,39,146700,146900,1058,4042,11842,OK
9.224253,Asshole,Tick,61,90,-29,29,146400,146900,1351,6749,12549,OK
9.530472,Asshole,Tick,71,90,-19,19,146400,146900,1644,9456,13256,OK
9.764117,Asshole,Tick,81,90,-9,9,146400,146900,1937,10163,11963,OK
10.001434,Asshole,Tick,91,90,1,-1,146400,146900,2230,10870,10670,OK
10.213183,Asshole,Tick,101,90,11,-11,146400,146900,2523,12577,10377,OK
10.473509,Asshole,Tick,111,90,21,-21,146400,146900,2816,15284,11084,OK
10.795813,Asshole,Tick,121,100,21,-21,147300,147000,2962,17138,21338,OK
10.962928,Asshole,Tick,121,100,21,-21,147300,147000,2962,17138,21338,OK
11.206386,Asshole,Tick,121,100,21,-21,147300,147000,2962,17138,21338,OK
11.463834,Asshole,Tick,121,100,21,-21,147300,147000,2962,17138,21338,OK
11.707521,Asshole,Tick,121,100,21,-21,147300,147200,2962,17138,19238,OK
12.042091,Asshole,Tick,121,110,11,-11,147400,147200,2815,18285,20485,OK
12.238645,Asshole,Tick,121,110,11,-11,147400,147200,2815,18285,20485,OK
12.453366,Asshole,Tick,121,110,11,-11,147400,147200,2815,18285,20485,OK
12.778745,Asshole,Tick,121,110,11,-11,147400,147200,2815,18285,20485,OK
13.009876,Asshole,Tick,121,110,11,-11,147400,147200,2815,18285,20485,OK
13.235225,Asshole,Tick,131,110,21,-21,146700,147200,2668,18432,14232,OK
13.451176,Asshole,Tick,131,110,21,-21,146700,147200,2668,18432,14232,OK
13.753586,Asshole,Tick,131,110,21,-21,146700,147200,2668,18432,14232,OK
14.020319,Asshole,Tick,131,110,21,-21,146700,147200,2668,18432,14232,OK
14.243247,Asshole,Tick,131,110,21,-21,146700,147200,2668,18432,14232,OK
14.538424,Asshole,Tick,141,110,31,-31,147000,147200,2962,18138,11938,OK
14.712127,Asshole,Tick,151,110,41,-41,146900,147200,3256,17844,9644,OK
14.993273,Asshole,Tick,161,110,51,-51,146900,147200,3550,17550,7350,OK
15.268264,Asshole,Tick,171,110,61,-61,146900,147200,3844,17256,5056,OK
15.516832,Asshole,Tick,181,110,71,-71,146900,146800,4138,15962,23062,OK
15.753567,Asshole,Tick,181,110,71,-71,146900,146800,4138,15962,23062,OK
15.999303,Asshole,Tick,181,110,71,-71,146900,146900,4138,15962,15962,OK
16.22894,Asshole,Tick,181,110,71,-71,146900,146900,4138,15962,15962,OK
16.504701,Asshole,Tick,181,110,71,-71,146900,146900,4138,15962,15962,OK
16.728466,Asshole,Tick,181,110,71,-71,146900,146900,4138,15962,15962,OK
17.000726,Asshole,Tick,181,110,71,-71,146900,146900,4138,15962,15962,OK
17.234287,Asshole,Tick,181,110,71,-71,146900,146900,4138,15962,15962,OK
17.455153,Asshole,Tick,181,110,71,-71,146900,146900,4138,15962,15962,OK
17.74403,Asshole,Tick,191,110,81,-81,147000,146900,4432,16068,24168,OK
17.975661,Asshole,Tick,201,110,91,-91,147000,146900,4726,15774,24874,OK
18.006297,Asshole,Breach,211,110,101,-91,146600,146900,5020,-1454520,24580,
18.010887,Asshole,Disconnect,211,110,101,-91,147000,146900,5020,-1454520,24580,
18.207211,Asshole,Tick,211,110,101,-91,147000,146900,5020,-1454520,24580,BREACH
18.523766,Asshole,Tick,211,110,101,-91,147000,147100,5020,-1454520,6380,BREACH
18.765003,Asshole,Tick,211,110,101,-91,147000,147100,5020,-1454520,6380,BREACH
18.987932,Asshole,Tick,211,110,101,-91,147000,147100,5020,-1454520,6380,BREACH
19.226732,Asshole,Tick,211,110,101,-91,147000,147100,5020,-1454520,6380,BREACH
19.469229,Asshole,Tick,211,110,101,-91,147000,147200,5020,-1454520,-2720,BREACH
19.762563,Asshole,Tick,211,110,101,-91,147000,147200,5020,-1454520,-2720,BREACH
19.974162,Asshole,Tick,211,110,101,-91,147000,147200,5020,-1454520,-2720,BREACH
20.269579,Asshole,Tick,211,110,101,-91,147000,147200,5020,-1454520,-2720,BREACH
20.534848,Asshole,Tick,211,110,101,-91,147000,147900,5020,-1454520,4280,BREACH
20.730596,Asshole,Tick,211,110,101,-91,147500,147900,5020,-1454520,4280,BREACH
20.987102,Asshole,Tick,211,110,101,-91,147500,147900,5020,-1454520,4280,BREACH
21.202982,Asshole,Tick,211,110,101,-91,147500,147900,5020,-1454520,4280,BREACH
21.461497,Asshole,Tick,211,110,101,-91,147500,147900,5020,-1454520,4280,BREACH
21.757833,Asshole,Tick,211,110,101,-91,147500,147900,5020,-1454520,4280,BREACH
22.024266,Asshole,Tick,211,110,101,-91,147500,148000,5020,-1454520,5280,BREACH
22.255648,Asshole,Tick,211,110,101,-91,147500,148000,5020,-1454520,5280,BREACH
22.454692,Asshole,Tick,211,110,101,-91,147500,148100,5020,-1454520,6280,BREACH
22.736699,Asshole,Tick,211,110,101,-91,147500,148100,5020,-1454520,6280,BREACH
22.95573,Asshole,Tick,211,110,101,-91,147500,148000,5020,-1454520,5280,BREACH
23.300672,Asshole,Tick,211,110,101,-91,147500,148000,5020,-1454520,5280,BREACH
23.469417,Asshole,Tick,211,110,101,-91,147500,147700,5020,-1454520,2280,BREACH
23.743584,Asshole,Tick,211,110,101,-91,147500,147700,5020,-1454520,2280,BREACH
24.050791,Asshole,Tick,211,110,101,-91,147600,147700,5020,-1454520,12380,BREACH
24.26279,Asshole,Tick,211,110,101,-91,147600,147700,5020,-1454520,12380,BREACH
24.500288,Asshole,Tick,211,110,101,-91,147400,147700,5020,-1454520,2280,BREACH
24.71887,Asshole,Tick,211,110,101,-91,147400,147700,5020,-1454520,2280,BREACH
24.952335,Asshole,Tick,211,110,101,-91,147400,148100,5020,-1454520,6280,BREACH
25.283213,Asshole,Tick,211,110,101,-91,147700,148200,5020,-1454520,7280,BREACH
25.506694,Asshole,Tick,211,110,101,-91,147700,147900,5020,-1454520,4280,BREACH
25.777462,Asshole,Tick,211,110,101,-91,147700,147900,5020,-1454520,4280,BREACH
25.989824,Asshole,Tick,211,110,101,-91,147700,147900,5020,-1454520,4280,BREACH
26.283664,Asshole,Tick,211,110,101,-91,147700,147900,5020,-1454520,4280,BREACH
26.501637,Asshole,Tick,211,110,101,-91,147400,147900,5020,-1454520,4280,BREACH
26.800647,Asshole,Tick,211,110,101,-91,147400,147900,5020,-1454520,4280,BREACH
26.972688,Asshole,Tick,211,110,101,-91,147400,147900,5020,-1454520,4280,BREACH
27.299053,Asshole,Tick,211,110,101,-91,147400,147900,5020,-1454520,4280,BREACH
27.507684,Asshole,Tick,211,110,101,-91,147400,147900,5020,-1454520,4280,BREACH
27.741114,Asshole,Tick,211,110,101,-91,147400,147900,5020,-1454520,4280,BREACH
27.992078,Asshole,Tick,211,110,101,-91,147200,147800,5020,-1454520,3280,BREACH
28.205283,Asshole,Tick,211,110,101,-91,147200,147800,5020,-1454520,3280,BREACH
28.481064,Asshole,Tick,211,110,101,-91,147700,147800,5020,-1454520,13380,BREACH
28.798415,Asshole,Tick,211,110,101,-91,147700,147600,5020,-1454520,31580,BREACH
29.036088,Asshole,Tick,211,110,101,-91,147700,147600,5020,-1454520,31580,BREACH
29.246319,Asshole,Tick,211,110,101,-91,147700,147600,5020,-1454520,31580,BREACH
29.482102,Asshole,Tick,211,110,101,-91,147700,147600,5020,-1454520,31580,BREACH
29.770852,Asshole,Tick,211,110,101,-91,147700,147600,5020,-1454520,31580,BREACH
29.952736,Asshole,Tick,211,110,101,-91,147700,147600,5020,-1454520,31580,BREACH
30.303857,Asshole,Tick,211,110,101,-91,147700,147600,5020,-1454520,31580,BREACH
30.4527,Asshole,Tick,211,110,101,-91,147700,147600,5020,-1454520,31580,BREACH
30.77306,Asshole,Tick,211,110,101,-91,147700,147400,5020,-1454520,39680,BREACH
31.049163,Asshole,Tick,211,110,101,-91,147700,147400,5020,-1454520,39680,BREACH
31.292696,Asshole,Tick,211,110,101,-91,147700,147400,5020,-1454520,39680,BREACH
31.514151,Asshole,Tick,211,110,101,-91,147000,147400,5020,-1454520,-720,BREACH
31.726675,Asshole,Tick,211,110,101,-91,147000,147400,5020,-1454520,-720,BREACH
31.978607,Asshole,Tick,211,110,101,-91,147000,147400,5020,-1454520,-720,BREACH
32.293338,Asshole,Tick,211,110,101,-91,147000,147400,5020,-1454520,-720,BREACH
32.53526,Asshole,Tick,211,110,101,-91,147000,147400,5020,-1454520,-720,BREACH
32.733837,Asshole,Tick,211,110,101,-91,147000,147600,5020,-1454520,1280,BREACH
33.021695,Asshole,Tick,211,110,101,-91,147000,147600,5020,-1454520,1280,BREACH
33.243925,Asshole,Tick,211,110,101,-91,147000,147600,5020,-1454520,1280,BREACH
33.495987,Asshole,Tick,211,110,101,-91,147000,147600,5020,-1454520,1280,BREACH
33.735118,Asshole,Tick,211,110,101,-91,146900,147600,5020,-1454520,1280,BREACH
33.960655,Asshole,Tick,211,110,101,-91,146900,147600,5020,-1454520,1280,BREACH
34.26965,Asshole,Tick,211,110,101,-91,146900,147200,5020,-1454520,-2720,BREACH
34.455177,Asshole,Tick,211,110,101,-91,146900,147200,5020,-1454520,-2720,BREACH
34.779421,Asshole,Tick,211,110,101,-91,146900,147200,5020,-1454520,-2720,BREACH
35.047827,Asshole,Tick,211,110,101,-91,146900,147200,5020,-1454520,-2720,BREACH
35.214568,Asshole,Tick,211,110,101,-91,146900,147300,5020,-1454520,-1720,BREACH
35.530506,Asshole,Tick,211,110,101,-91,147100,147000,5020,-1454520,25580,BREACH
35.794611,Asshole,Tick,211,110,101,-91,147100,147000,5020,-1454520,25580,BREACH
36.019058,Asshole,Tick,211,110,101,-91,147100,147000,5020,-1454520,25580,BREACH
36.290916,Asshole,Tick,211,110,101,-91,147100,147000,5020,-1454520,25580,BREACH
36.503679,Asshole,Tick,211,110,101,-91,147100,147000,5020,-1454520,25580,BREACH
36.741067,Asshole,Tick,211,110,101,-91,147100,147000,5020,-1454520,25580,BREACH
36.992568,Asshole,Tick,211,110,101,-91,147100,147000,5020,-1454520,25580,BREACH
37.220972,Asshole,Tick,211,110,101,-91,147100,147000,5020,-1454520,25580,BREACH
37.533498,Asshole,Tick,211,110,101,-91,147100,147300,5020,-1454520,-1720,BREACH
37.789557,Asshole,Tick,211,110,101,-91,147100,147300,5020,-1454520,-1720,BREACH
38.045694,Asshole,Tick,211,110,101,-91,147100,147300,5020,-1454520,-1720,BREACH
38.214891,Asshole,Tick,211,110,101,-91,147100,147300,5020,-1454520,-1720,BREACH
38.463746,Asshole,Tick,211,110,101,-91,147100,147300,5020,-1454520,-1720,BREACH
38.744196,Asshole,Tick,211,110,101,-91,147100,147300,5020,-1454520,-1720,BREACH
38.982106,Asshole,Tick,211,110,101,-91,147100,147300,5020,-1454520,-1720,BREACH
39.293979,Asshole,Tick,211,110,101,-91,147500,147300,5020,-1454520,38680,BREACH
39.49006,Asshole,Tick,211,110,101,-91,147700,147300,5020,-1454520,38680,BREACH
39.740443,Asshole,Tick,211,110,101,-91,147700,147300,5020,-1454520,38680,BREACH
39.966272,Asshole,Tick,211,110,101,-91,147700,147300,5020,-1454520,38680,BREACH
40.287921,Asshole,Tick,211,110,101,-91,147700,147300,5020,-1454520,38680,BREACH
40.54675,Asshole,Tick,211,110,101,-91,147800,147300,5020,-1454520,38680,BREACH
40.705795,Asshole,Tick,211,110,101,-91,147800,147300,5020,-1454520,38680,BREACH
40.966751,Asshole,Tick,211,110,101,-91,147800,147300,5020,-1454520,38680,BREACH
41.298416,Asshole,Tick,211,110,101,-91,147800,147300,5020,-1454520,38680,BREACH
41.492433,Asshole,Tick,211,110,101,-91,147800,147300,5020,-1454520,38680,BREACH
41.731018,Asshole,Tick,211,110,101,-91,147800,147300,5020,-1454520,38680,BREACH
41.99416,Asshole,Tick,211,110,101,-91,147800,147200,5020,-1454520,37680,BREACH
42.248421,Asshole,Tick,211,110,101,-91,147700,147200,5020,-1454520,37680,BREACH
42.479712,Asshole,Tick,211,110,101,-91,147700,147200,5020,-1454520,37680,BREACH
42.72458,Asshole,Tick,211,110,101,-91,147700,147200,5020,-1454520,37680,BREACH
42.978809,Asshole,Tick,211,110,101,-91,147700,147200,5020,-1454520,37680,BREACH
43.293765,Asshole,Tick,211,110,101,-91,147700,147200,5020,-1454520,37680,BREACH
43.515128,Asshole,Tick,211,110,101,-91,147700,147200,5020,-1454520,37680,BREACH
43.732172,Asshole,Tick,211,110,101,-91,147700,147400,5020,-1454520,39680,BREACH
44.037908,Asshole,Tick,211,110,101,-91,147700,147400,5020,-1454520,39680,BREACH
44.289468,Asshole,Tick,211,110,101,-91,147700,147400,5020,-1454520,39680,BREACH
44.458887,Asshole,Tick,211,110,101,-91,147700,147400,5020,-1454520,39680,BREACH
44.757753,Asshole,Tick,211,110,101,-91,147700,147400,5020,-1454520,39680,BREACH
45.03844,Asshole,Tick,211,110,101,-91,147700,147400,5020,-1454520,39680,BREACH
45.238555,Asshole,Tick,211,110,101,-91,147700,147500,5020,-1454520,40680,BREACH
45.53288,Asshole,Tick,211,110,101,-91,147700,147500,5020,-1454520,40680,BREACH
45.784737,Asshole,Tick,211,110,101,-91,147700,147500,5020,-1454520,40680,BREACH
46.047702,Asshole,Tick,211,110,101,-91,147700,147500,5020,-1454520,40680,BREACH
46.282076,Asshole,Tick,211,110,101,-91,147700,147500,5020,-1454520,40680,BREACH
46.528653,Asshole,Tick,211,110,101,-91,147700,147500,5020,-1454520,40680,BREACH
46.7905,Asshole,Tick,211,110,101,-91,147700,147500,5020,-1454520,40680,BREACH
47.00234,Asshole,Tick,211,110,101,-91,147700,147500,5020,-1454520,40680,BREACH
47.268653,Asshole,Tick,211,110,101,-91,147700,147500,5020,-1454520,40680,BREACH
47.481627,Asshole,Tick,211,110,101,-91,147700,147500,5020,-1454520,40680,BREACH
47.800585,Asshole,Tick,211,110,101,-91,147700,147500,5020,-1454520,40680,BREACH
47.97747,Asshole,Tick,211,110,101,-91,147700,147500,5020,-1454520,40680,BREACH
48.233035,Asshole,Tick,211,110,101,-91,147400,147500,5020,-1454520,10380,BREACH
48.46159,Asshole,Tick,211,110,101,-91,147400,147500,5020,-1454520,10380,BREACH
48.76996,Asshole,Tick,211,110,101,-91,147400,147500,5020,-1454520,10380,BREACH
48.990628,Asshole,Tick,211,110,101,-91,147400,147500,5020,-1454520,10380,BREACH
49.204692,Asshole,Tick,211,110,101,-91,147400,147500,5020,-1454520,10380,BREACH
49.478327,Asshole,Tick,211,110,101,-91,147400,147500,5020,-1454520,10380,BREACH
49.781187,Asshole,Tick,211,110,101,-91,147400,147500,5020,-1454520,10380,BREACH
49.999483,Asshole,Tick,211,110,101,-91,147400,147500,5020,-1454520,10380,BREACH
50.270039,Asshole,Tick,211,110,101,-91,147400,147500,5020,-1454520,10380,BREACH
50.533531,Asshole,Tick,211,110,101,-91,147900,147500,5020,-1454520,40680,BREACH
50.742221,Asshole,Tick,211,110,101,-91,147900,147500,5020,-1454520,40680,BREACH
51.032188,Asshole,Tick,211,110,101,-91,147900,147500,5020,-1454520,40680,BREACH
51.254676,Asshole,Tick,211,110,101,-91,147900,147500,5020,-1454520,40680,BREACH
51.482666,Asshole,Tick,211,110,101,-91,147900,147500,5020,-1454520,40680,BREACH
51.705341,Asshole,Tick,211,110,101,-91,147900,147500,5020,-1454520,40680,BREACH
51.972023,Asshole,Tick,211,110,101,-91,147900,147300,5020,-1454520,38680,BREACH
52.26984,Asshole,Tick,211,110,101,-91,147900,147300,5020,-1454520,38680,BREACH
52.525742,Asshole,Tick,211,110,101,-91,147900,147300,5020,-1454520,38680,BREACH
52.752295,Asshole,Tick,211,110,101,-91,147900,147300,5020,-1454520,38680,BREACH
53.005205,Asshole,Tick,211,110,101,-91,147900,147300,5020,-1454520,38680,BREACH
53.221158,Asshole,Tick,211,110,101,-91,147900,147300,5020,-1454520,38680,BREACH
53.550984,Asshole,Tick,211,110,101,-91,147900,147300,5020,-1454520,38680,BREACH
53.735953,Asshole,Tick,211,110,101,-91,147900,147300,5020,-1454520,38680,BREACH
54.008935,Asshole,Tick,211,110,101,-91,147900,147300,5020,-1454520,38680,BREACH
54.242169,Asshole,Tick,211,110,101,-91,147900,147300,5020,-1454520,38680,BREACH
54.543443,Asshole,Tick,211,110,101,-91,147900,147200,5020,-1454520,37680,BREACH
54.765576,Asshole,Tick,211,110,101,-91,147900,147200,5020,-1454520,37680,BREACH
54.970118,Asshole,Tick,211,110,101,-91,147900,147200,5020,-1454520,37680,BREACH
55.204048,Asshole,Tick,211,110,101,-91,147900,147300,5020,-1454520,38680,BREACH
55.546811,Asshole,Tick,211,110,101,-91,147300,146900,5020,-1454520,34680,BREACH
55.716581,Asshole,Tick,211,110,101,-91,147300,146900,5020,-1454520,34680,BREACH
55.996998,Asshole,Tick,211,110,101,-91,147300,147100,5020,-1454520,36680,BREACH
56.232218,Asshole,Tick,211,110,101,-91,147300,147100,5020,-1454520,36680,BREACH
56.510338,Asshole,Tick,211,110,101,-91,147300,147100,5020,-1454520,36680,BREACH
56.750669,Asshole,Tick,211,110,101,-91,147300,147100,5020,-1454520,36680,BREACH
57.049741,Asshole,Tick,211,110,101,-91,147300,147100,5020,-1454520,36680,BREACH
57.208505,Asshole,Tick,211,110,101,-91,147300,147100,5020,-1454520,36680,BREACH
57.532236,Asshole,Tick,211,110,101,-91,147300,146700,5020,-1454520,32680,BREACH
57.748478,Asshole,Tick,211,110,101,-91,147300,146600,5020,-1454520,31680,BREACH
58.002107,Asshole,Tick,211,110,101,-91,147300,146600,5020,-1454520,31680,BREACH
58.21984,Asshole,Tick,211,110,101,-91,147300,146600,5020,-1454520,31680,BREACH
58.526206,Asshole,Tick,211,110,101,-91,147300,146700,5020,-1454520,32680,BREACH
58.795682,Asshole,Tick,211,110,101,-91,147300,146700,5020,-1454520,32680,BREACH
59.026767,Asshole,Tick,211,110,101,-91,147300,146700,5020,-1454520,32680,BREACH
59.275784,Asshole,Tick,211,110,101,-91,147300,146700,5020,-1454520,32680,BREACH
59.53372,Asshole,Tick,211,110,101,-91,147300,146500,5020,-1454520,30680,BREACH
59.748557,Asshole,Tick,211,110,101,-91,147300,146500,5020,-1454520,30680,BREACH
60.007915,Asshole,Tick,211,110,101,-91,147300,146500,5020,-1454520,30680,BREACH
60.206619,Asshole,Tick,211,110,101,-91,147300,146700,5020,-1454520,32680,BREACH
60.540398,Asshole,Tick,211,110,101,-91,147300,146700,5020,-1454520,32680,BREACH
60.740901,Asshole,Tick,211,110,101,-91,147300,146600,5020,-1454520,31680,BREACH
60.956887,Asshole,Tick,211,110,101,-91,147300,146500,5020,-1454520,30680,BREACH
61.268751,Asshole,Tick,211,110,101,-91,147300,146500,5020,-1454520,30680,BREACH
61.48437,Asshole,Tick,211,110,101,-91,147300,146500,5020,-1454520,30680,BREACH
61.79671,Asshole,Tick,211,110,101,-91,147100,146500,5020,-1454520,30680,BREACH
62.023762,Asshole,Tick,211,110,101,-91,147000,146500,5020,-1454520,30680,BREACH
62.281787,Asshole,Tick,211,110,101,-91,147000,146300,5020,-1454520,28680,BREACH
62.478223,Asshole,Tick,211,110,101,-91,146800,146300,5020,-1454520,28680,BREACH
62.761519,Asshole,Tick,211,110,101,-91,146700,146300,5020,-1454520,28680,BREACH
63.043709,Asshole,Tick,211,110,101,-91,146700,146300,5020,-1454520,28680,BREACH
63.250787,Asshole,Tick,211,110,101,-91,146700,146300,5020,-1454520,28680,BREACH
63.455891,Asshole,Tick,211,110,101,-91,146700,146300,5020,-1454520,28680,BREACH
63.776766,Asshole,Tick,211,110,101,-91,146700,146300,5020,-1454520,28680,BREACH
63.962746,Asshole,Tick,211,110,101,-91,146700,146300,5020,-1454520,28680,BREACH
64.220927,Asshole,Tick,211,110,101,-91,146700,146300,5020,-1454520,28680,BREACH
64.530616,Asshole,Tick,211,110,101,-91,146700,146300,5020,-1454520,28680,BREACH
64.712085,Asshole,Tick,211,110,101,-91,146700,146300,5020,-1454520,28680,BREACH
65.038796,Asshole,Tick,211,110,101,-91,146700,146900,5020,-1454520,-5720,BREACH
65.202912,Asshole,Tick,211,110,101,-91,146700,146900,5020,-1454520,-5720,BREACH
65.528448,Asshole,Tick,211,110,101,-91,146700,146900,5020,-1454520,-5720,BREACH
65.721528,Asshole,Tick,211,110,101,-91,146700,146900,5020,-1454520,-5720,BREACH
65.990729,Asshole,Tick,211,110,101,-91,146600,146900,5020,-1454520,-5720,BREACH
66.251386,Asshole,Tick,211,110,101,-91,146600,146900,5020,-1454520,-5720,BREACH
66.535474,Asshole,Tick,211,110,101,-91,147300,146900,5020,-1454520,34680,BREACH
66.756624,Asshole,Tick,211,110,101,-91,146500,146900,5020,-1454520,-5720,BREACH
67.041911,Asshole,Tick,211,110,101,-91,146500,146900,5020,-1454520,-5720,BREACH
67.256817,Asshole,Tick,211,110,101,-91,146500,146900,5020,-1454520,-5720,BREACH
67.495853,Asshole,Tick,211,110,101,-91,146500,146900,5020,-1454520,-5720,BREACH
67.715838,Asshole,Tick,211,110,101,-91,146500,146900,5020,-1454520,-5720,BREACH
67.988645,Asshole,Tick,211,110,101,-91,146500,146900,5020,-1454520,-5720,BREACH
68.292392,Asshole,Tick,211,110,101,-91,146900,146900,5020,-1454520,14480,BREACH
68.466528,Asshole,Tick,211,110,101,-91,146500,146900,5020,-1454520,-5720,BREACH
68.738302,Asshole,Tick,211,110,101,-91,146500,147200,5020,-1454520,-2720,BREACH
68.974095,Asshole,Tick,211,110,101,-91,146500,147200,5020,-1454520,-2720,BREACH
69.28074,Asshole,Tick,211,110,101,-91,147500,147200,5020,-1454520,37680,BREACH
69.550158,Asshole,Tick,211,110,101,-91,147500,147300,5020,-1454520,38680,BREACH
69.737677,Asshole,Tick,211,110,101,-91,147500,147300,5020,-1454520,38680,BREACH
70.013483,Asshole,Tick,211,110,101,-91,147500,147300,5020,-1454520,38680,BREACH
70.229328,Asshole,Tick,211,110,101,-91,147500,147300,5020,-1454520,38680,BREACH
70.489096,Asshole,Tick,211,110,101,-91,147500,147300,5020,-1454520,38680,BREACH
70.755358,Asshole,Tick,211,110,101,-91,146500,147300,5020,-1454520,-1720,BREACH
71.036874,Asshole,Tick,211,110,101,-91,146500,147300,5020,-1454520,-1720,BREACH
71.296237,Asshole,Tick,211,110,101,-91,146500,147300,5020,-1454520,-1720,BREACH
71.457247,Asshole,Tick,211,110,101,-91,146500,147300,5020,-1454520,-1720,BREACH
71.753017,Asshole,Tick,211,110,101,-91,146500,147300,5020,-1454520,-1720,BREACH
71.975197,Asshole,Tick,211,110,101,-91,146500,147300,5020,-1454520,-1720,BREACH
72.206027,Asshole,Tick,211,110,101,-91,146500,147300,5020,-1454520,-1720,BREACH
72.533933,Asshole,Tick,211,110,101,-91,147500,147300,5020,-1454520,38680,BREACH
72.70747,Asshole,Tick,211,110,101,-91,147500,147300,5020,-1454520,38680,BREACH
72.970763,Asshole,Tick,211,110,101,-91,147600,147300,5020,-1454520,38680,BREACH
73.22537,Asshole,Tick,211,110,101,-91,147600,147300,5020,-1454520,38680,BREACH
73.526318,Asshole,Tick,211,110,101,-91,147600,147200,5020,-1454520,37680,BREACH
73.711072,Asshole,Tick,211,110,101,-91,147600,147200,5020,-1454520,37680,BREACH
73.982601,Asshole,Tick,211,110,101,-91,147600,147200,5020,-1454520,37680,BREACH
74.25015,Asshole,Tick,211,110,101,-91,147600,147200,5020,-1454520,37680,BREACH
74.518409,Asshole,Tick,211,110,101,-91,147600,147200,5020,-1454520,37680,BREACH
74.707445,Asshole,Tick,211,110,101,-91,147600,147200,5020,-1454520,37680,BREACH
75.037305,Asshole,Tick,211,110,101,-91,147600,147400,5020,-1454520,39680,BREACH
75.2431,Asshole,Tick,211,110,101,-91,147600,147400,5020,-1454520,39680,BREACH
75.478014,Asshole,Tick,211,110,101,-91,147600,147400,5020,-1454520,39680,BREACH
75.754303,Asshole,Tick,211,110,101,-91,147600,147400,5020,-1454520,39680,BREACH
76.026309,Asshole,Tick,211,110,101,-91,147600,147400,5020,-1454520,39680,BREACH
76.207081,Asshole,Tick,211,110,101,-91,147600,147400,5020,-1454520,39680,BREACH
76.551697,Asshole,Tick,211,110,101,-91,147600,147500,5020,-1454520,30580,BREACH
76.769758,Asshole,Tick,211,110,101,-91,147600,147600,5020,-1454520,21480,BREACH
77.040003,Asshole,Tick,211,110,101,-91,147600,147600,5020,-1454520,21480,BREACH
77.269825,Asshole,Tick,211,110,101,-91,147600,147600,5020,-1454520,21480,BREACH
77.478939,Asshole,Tick,211,110,101,-91,147600,147600,5020,-1454520,21480,BREACH
77.795552,Asshole,Tick,211,110,101,-91,147500,147600,5020,-1454520,11380,BREACH
77.963507,Asshole,Tick,211,110,101,-91,147500,147600,5020,-1454520,11380,BREACH
78.273413,Asshole,Tick,211,110,101,-91,147500,147600,5020,-1454520,11380,BREACH
78.457121,Asshole,Tick,211,110,101,-91,147500,147600,5020,-1454520,11380,BREACH
78.789252,Asshole,Tick,211,110,101,-91,147500,147600,5020,-1454520,11380,BREACH
78.957526,Asshole,Tick,211,110,101,-91,147500,147600,5020,-1454520,11380,BREACH
79.254987,Asshole,Tick,211,110,101,-91,147500,147600,5020,-1454520,11380,BREACH
79.548697,Asshole,Tick,211,110,101,-91,147500,148000,5020,-1454520,5280,BREACH
79.805338,Asshole,Tick,211,110,101,-91,147600,148600,5020,-1454520,11280,BREACH
79.992525,Asshole,Tick,211,110,101,-91,147600,148400,5020,-1454520,9280,BREACH
80.208775,Asshole,Tick,211,110,101,-91,147600,148400,5020,-1454520,9280,BREACH
80.481331,Asshole,Tick,211,110,101,-91,147600,148400,5020,-1454520,9280,BREACH
80.75615,Asshole,Tick,211,110,101,-91,147600,148400,5020,-1454520,9280,BREACH
81.003108,Asshole,Tick,211,110,101,-91,147600,148400,5020,-1454520,9280,BREACH
81.227321,Asshole,Tick,211,110,101,-91,147600,148300,5020,-1454520,8280,BREACH
81.478236,Asshole,Tick,211,110,101,-91,147600,148400,5020,-1454520,9280,BREACH
81.723209,Asshole,Tick,211,110,101,-91,148000,148400,5020,-1454520,9280,BREACH
82.03142,Asshole,Tick,211,110,101,-91,148000,148400,5020,-1454520,9280,BREACH
82.246458,Asshole,Tick,211,110,101,-91,148000,148400,5020,-1454520,9280,BREACH
82.466389,Asshole,Tick,211,110,101,-91,148200,148800,5020,-1454520,13280,BREACH
82.800526,Asshole,Tick,211,110,101,-91,148200,148800,5020,-1454520,13280,BREACH
82.984716,Asshole,Tick,211,110,101,-91,148200,148800,5020,-1454520,13280,BREACH
83.214135,Asshole,Tick,211,110,101,-91,148300,148800,5020,-1454520,13280,BREACH
83.545915,Asshole,Tick,211,110,101,-91,148300,148800,5020,-1454520,13280,BREACH
83.758453,Asshole,Tick,211,110,101,-91,148300,148800,5020,-1454520,13280,BREACH
83.98195,Asshole,Tick,211,110,101,-91,148400,149000,5020,-1454520,15280,BREACH
84.268697,Asshole,Tick,211,110,101,-91,148400,149000,5020,-1454520,15280,BREACH
84.536408,Asshole,Tick,211,110,101,-91,148400,149000,5020,-1454520,15280,BREACH
84.73207,Asshole,Tick,211,110,101,-91,148400,149200,5020,-1454520,17280,BREACH
85.052349,Asshole,Tick,211,110,101,-91,148600,149200,5020,-1454520,17280,BREACH
85.265838,Asshole,Tick,211,110,101,-91,148600,149200,5020,-1454520,17280,BREACH
85.460706,Asshole,Tick,211,110,101,-91,148600,149200,5020,-1454520,17280,BREACH
85.731723,Asshole,Tick,211,110,101,-91,148800,149200,5020,-1454520,17280,BREACH
85.967332,Asshole,Tick,211,110,101,-91,148800,149600,5020,-1454520,21280,BREACH
86.288234,Asshole,Tick,211,110,101,-91,148900,149600,5020,-1454520,21280,BREACH
86.479848,Asshole,Tick,211,110,101,-91,148900,149600,5020,-1454520,21280,BREACH
86.777424,Asshole,Tick,211,110,101,-91,149600,149600,5020,-1454520,41480,BREACH
87.047374,Asshole,Tick,211,110,101,-91,149600,149600,5020,-1454520,41480,BREACH
87.267982,Asshole,Tick,211,110,101,-91,149600,149600,5020,-1454520,41480,BREACH
87.483047,Asshole,Tick,211,110,101,-91,149600,149700,5020,-1454520,32380,BREACH
87.747069,Asshole,Tick,211,110,101,-91,149600,149600,5020,-1454520,41480,BREACH
88.036276,Asshole,Tick,211,110,101,-91,149600,149500,5020,-1454520,50580,BREACH
88.213563,Asshole,Tick,211,110,101,-91,149600,149500,5020,-1454520,50580,BREACH
88.526148,Asshole,Tick,211,110,101,-91,149600,149200,5020,-1454520,57680,BREACH
88.714697,Asshole,Tick,211,110,101,-91,149600,149200,5020,-1454520,57680,BREACH
89.04391,Asshole,Tick,211,110,101,-91,149600,149100,5020,-1454520,56680,BREACH
89.250653,Asshole,Tick,211,110,101,-91,149600,149100,5020,-1454520,56680,BREACH
89.485386,Asshole,Tick,211,110,101,-91,149600,148900,5020,-1454520,54680,BREACH
89.705297,Asshole,Tick,211,110,101,-91,149600,148900,5020,-1454520,54680,BREACH
90.04081,Asshole,Tick,211,110,101,-91,149600,148900,5020,-1454520,54680,BREACH
90.220808,Asshole,Tick,211,110,101,-91,149600,148900,5020,-1454520,54680,BREACH
90.48915,Asshole,Tick,211,110,101,-91,149600,149100,5020,-1454520,56680,BREACH
90.759504,Asshole,Tick,211,110,101,-91,149600,149100,5020,-1454520,56680,BREACH
90.973534,Asshole,Tick,211,110,101,-91,149600,149100,5020,-1454520,56680,BREACH
91.213231,Asshole,Tick,211,110,101,-91,149600,149100,5020,-1454520,56680,BREACH
91.539056,Asshole,Tick,211,110,101,-91,149600,148900,5020,-1454520,54680,BREACH
91.706922,Asshole,Tick,211,110,101,-91,149600,148900,5020,-1454520,54680,BREACH
91.9773,Asshole,Tick,211,110,101,-91,149600,148900,5020,-1454520,54680,BREACH
92.22593,Asshole,Tick,211,110,101,-91,149400,148900,5020,-1454520,54680,BREACH
92.459911,Asshole,Tick,211,110,101,-91,149400,148900,5020,-1454520,54680,BREACH
92.787873,Asshole,Tick,211,110,101,-91,149400,148900,5020,-1454520,54680,BREACH
92.972541,Asshole,Tick,211,110,101,-91,149400,148900,5020,-1454520,54680,BREACH
93.298198,Asshole,Tick,211,110,101,-91,149400,149200,5020,-1454520,57680,BREACH
93.492631,Asshole,Tick,211,110,101,-91,149400,149200,5020,-1454520,57680,BREACH
93.710949,Asshole,Tick,211,110,101,-91,149400,149200,5020,-1454520,57680,BREACH
94.033135,Asshole,Tick,211,110,101,-91,149400,149200,5020,-1454520,57680,BREACH
94.214402,Asshole,Tick,211,110,101,-91,149400,149200,5020,-1454520,57680,BREACH
94.531058,Asshole,Tick,211,110,101,-91,149400,149200,5020,-1454520,57680,BREACH
94.741779,Asshole,Tick,211,110,101,-91,149400,149200,5020,-1454520,57680,BREACH
94.978958,Asshole,Tick,211,110,101,-91,149400,149200,5020,-1454520,57680,BREACH
95.280386,Asshole,Tick,211,110,101,-91,149400,149200,5020,-1454520,57680,BREACH
95.544721,Asshole,Tick,211,110,101,-91,149400,149200,5020,-1454520,57680,BREACH
95.785793,Asshole,Tick,211,110,101,-91,149400,149200,5020,-1454520,57680,BREACH
95.981433,Asshole,Tick,211,110,101,-91,149400,149200,5020,-1454520,57680,BREACH
96.261679,Asshole,Tick,211,110,101,-91,149400,149200,5020,-1454520,57680,BREACH
96.493428,Asshole,Tick,211,110,101,-91,149400,149200,5020,-1454520,57680,BREACH
96.713419,Asshole,Tick,211,110,101,-91,149400,149200,5020,-1454520,57680,BREACH
96.96032,Asshole,Tick,211,110,101,-91,149400,149200,5020,-1454520,57680,BREACH
97.279638,Asshole,Tick,211,110,101,-91,149400,149200,5020,-1454520,57680,BREACH
97.494199,Asshole,Tick,211,110,101,-91,149800,149600,5020,-1454520,61680,BREACH
97.721875,Asshole,Tick,211,110,101,-91,149800,149600,5020,-1454520,61680,BREACH
98.045439,Asshole,Tick,211,110,101,-91,149800,149800,5020,-1454520,43480,BREACH
98.280503,Asshole,Tick,211,110,101,-91,149800,149800,5020,-1454520,43480,BREACH
98.525056,Asshole,Tick,211,110,101,-91,149800,149800,5020,-1454520,43480,BREACH
98.748389,Asshole,Tick,211,110,101,-91,149800,149800,5020,-1454520,43480,BREACH
98.983179,Asshole,Tick,211,110,101,-91,149800,149900,5020,-1454520,34380,BREACH
99.258245,Asshole,Tick,211,110,101,-91,149800,150100,5020,-1454520,16180,BREACH
99.485059,Asshole,Tick,211,110,101,-91,149800,150000,5020,-1454520,25280,BREACH
99.718503,Asshole,Tick,211,110,101,-91,149800,150000,5020,-1454520,25280,BREACH
100.047592,Asshole,Tick,211,110,101,-91,149900,149900,5020,-1454520,44480,BREACH
100.219067,Asshole,Tick,211,110,101,-91,149900,149900,5020,-1454520,44480,BREACH
100.499572,Asshole,Tick,211,110,101,-91,149900,149900,5020,-1454520,44480,BREACH
100.787046,Asshole,Tick,211,110,101,-91,149900,149900,5020,-1454520,44480,BREACH
100.979769,Asshole,Tick,211,110,101,-91,149900,149900,5020,-1454520,44480,BREACH
101.242678,Asshole,Tick,211,110,101,-91,149400,149900,5020,-1454520,14180,BREACH
101.531333,Asshole,Tick,211,110,101,-91,149400,150100,5020,-1454520,16180,BREACH
101.78039,Asshole,Tick,211,110,101,-91,149400,150100,5020,-1454520,16180,BREACH
102.009158,Asshole,Tick,211,110,101,-91,149400,150100,5020,-1454520,16180,BREACH
102.209682,Asshole,Tick,211,110,101,-91,149400,150100,5020,-1454520,16180,BREACH
102.525348,Asshole,Tick,211,110,101,-91,149400,150300,5020,-1454520,18180,BREACH
102.70377,Asshole,Tick,211,110,101,-91,149400,150300,5020,-1454520,18180,BREACH
103.000197,Asshole,Tick,211,110,101,-91,149400,150300,5020,-1454520,18180,BREACH
103.239096,Asshole,Tick,211,110,101,-91,149400,150300,5020,-1454520,18180,BREACH
103.460019,Asshole,Tick,211,110,101,-91,149900,150300,5020,-1454520,18180,BREACH
103.739413,Asshole,Tick,211,110,101,-91,149900,150300,5020,-1454520,18180,BREACH
103.987554,Asshole,Tick,211,110,101,-91,149900,150400,5020,-1454520,19180,BREACH
104.240357,Asshole,Tick,211,110,101,-91,149900,150200,5020,-1454520,17180,BREACH
104.470525,Asshole,Tick,211,110,101,-91,149900,150200,5020,-1454520,17180,BREACH
104.78901,Asshole,Tick,211,110,101,-91,149900,150200,5020,-1454520,17180,BREACH
104.963634,Asshole,Tick,211,110,101,-91,149900,150200,5020,-1454520,17180,BREACH
105.283915,Asshole,Tick,211,110,101,-91,149900,150200,5020,-1454520,17180,BREACH
105.535907,Asshole,Tick,211,110,101,-91,149900,150200,5020,-1454520,17180,BREACH
105.724954,Asshole,Tick,211,110,101,-91,149900,150200,5020,-1454520,17180,BREACH
106.042844,Asshole,Tick,211,110,101,-91,149900,150500,5020,-1454520,20180,BREACH
106.238417,Asshole,Tick,211,110,101,-91,149900,150500,5020,-1454520,20180,BREACH
106.488631,Asshole,Tick,211,110,101,-91,150200,150500,5020,-1454520,20180,BREACH
106.766778,Asshole,Tick,211,110,101,-91,150200,150400,5020,-1454520,29280,BREACH
107.020608,Asshole,Tick,211,110,101,-91,150200,150300,5020,-1454520,38380,BREACH
107.265228,Asshole,Tick,211,110,101,-91,150200,150300,5020,-1454520,38380,BREACH
107.52258,Asshole,Tick,211,110,101,-91,150200,150400,5020,-1454520,29280,BREACH
107.729826,Asshole,Tick,211,110,101,-91,150200,150400,5020,-1454520,29280,BREACH
108.034187,Asshole,Tick,211,110,101,-91,150200,150400,5020,-1454520,29280,BREACH
108.299714,Asshole,Tick,211,110,101,-91,150200,150300,5020,-1454520,38380,BREACH
108.499819,Asshole,Tick,211,110,101,-91,150200,150100,5020,-1454520,56580,BREACH
108.758327,Asshole,Tick,211,110,101,-91,149600,150100,5020,-1454520,16180,BREACH
109.048174,Asshole,Tick,211,110,101,-91,149600,150100,5020,-1454520,16180,BREACH
109.204277,Asshole,Tick,211,110,101,-91,149600,150100,5020,-1454520,16180,BREACH
109.483355,Asshole,Tick,211,110,101,-91,149600,150100,5020,-1454520,16180,BREACH
109.789589,Asshole,Tick,211,110,101,-91,149600,150100,5020,-1454520,16180,BREACH
110.044302,Asshole,Tick,211,110,101,-91,149600,150500,5020,-1454520,20180,BREACH
110.269448,Asshole,Tick,211,110,101,-91,150200,150500,5020,-1454520,20180,BREACH
110.491586,Asshole,Tick,211,110,101,-91,150200,150500,5020,-1454520,20180,BREACH
110.71026,Asshole,Tick,211,110,101,-91,150200,150700,5020,-1454520,22180,BREACH
111.003783,Asshole,Tick,211,110,101,-91,150200,150600,5020,-1454520,21180,BREACH
111.267271,Asshole,Tick,211,110,101,-91,150200,150600,5020,-1454520,21180,BREACH
111.470922,Asshole,Tick,211,110,101,-91,150200,150600,5020,-1454520,21180,BREACH
111.773628,Asshole,Tick,211,110,101,-91,150100,150600,5020,-1454520,21180,BREACH
111.968942,Asshole,Tick,211,110,101,-91,150100,150600,5020,-1454520,21180,BREACH
112.286953,Asshole,Tick,211,110,101,-91,150100,150500,5020,-1454520,20180,BREACH
112.530527,Asshole,Tick,211,110,101,-91,150100,150400,5020,-1454520,19180,BREACH
112.774826,Asshole,Tick,211,110,101,-91,150100,150500,5020,-1454520,20180,BREACH
112.951614,Asshole,Tick,211,110,101,-91,150100,150700,5020,-1454520,22180,BREACH
113.293721,Asshole,Tick,211,110,101,-91,150200,150500,5020,-1454520,20180,BREACH
113.482382,Asshole,Tick,211,110,101,-91,150200,150500,5020,-1454520,20180,BREACH
113.756917,Asshole,Tick,211,110,101,-91,150200,150500,5020,-1454520,20180,BREACH
114.000965,Asshole,Tick,211,110,101,-91,150200,150500,5020,-1454520,20180,BREACH
114.285092,Asshole,Tick,211,110,101,-91,150500,150600,5020,-1454520,41380,BREACH
114.50499,Asshole,Tick,211,110,101,-91,150500,150500,5020,-1454520,50480,BREACH
114.707853,Asshole,Tick,211,110,101,-91,150500,150500,5020,-1454520,50480,BREACH
115.015452,Asshole,Tick,211,110,101,-91,150500,150900,5020,-1454520,24180,BREACH
115.222787,Asshole,Tick,211,110,101,-91,150500,150500,5020,-1454520,50480,BREACH
115.523186,Asshole,Tick,211,110,101,-91,150100,150500,5020,-1454520,20180,BREACH
115.717952,Asshole,Tick,211,110,101,-91,150100,150500,5020,-1454520,20180,BREACH
116.048221,Asshole,Tick,211,110,101,-91,150600,150400,5020,-1454520,69680,BREACH
116.205123,Asshole,Tick,211,110,101,-91,150600,150500,5020,-1454520,60580,BREACH
116.486755,Asshole,Tick,211,110,101,-91,150600,150800,5020,-1454520,33280,BREACH
116.79399,Asshole,Tick,211,110,101,-91,150600,150500,5020,-1454520,60580,BREACH
116.975335,Asshole,Tick,211,110,101,-91,150000,150500,5020,-1454520,20180,BREACH
117.265401,Asshole,Tick,211,110,101,-91,150000,150300,5020,-1454520,18180,BREACH
117.485345,Asshole,Tick,211,110,101,-91,150000,150300,5020,-1454520,18180,BREACH
117.744288,Asshole,Tick,211,110,101,-91,150000,150300,5020,-1454520,18180,BREACH
117.954124,Asshole,Tick,211,110,101,-91,150000,150300,5020,-1454520,18180,BREACH
118.255893,Asshole,Tick,211,110,101,-91,150000,150500,5020,-1454520,20180,BREACH
118.472448,Asshole,Tick,211,110,101,-91,150000,150500,5020,-1454520,20180,BREACH
118.720104,Asshole,Tick,211,110,101,-91,150000,150400,5020,-1454520,19180,BREACH
118.991631,Asshole,Tick,211,110,101,-91,150500,150300,5020,-1454520,68680,BREACH
119.210507,Asshole,Tick,211,110,101,-91,150500,150300,5020,-1454520,68680,BREACH
119.54803,Asshole,Tick,211,110,101,-91,150200,150100,5020,-1454520,56580,BREACH
119.76897,Asshole,Tick,211,110,101,-91,150200,150100,5020,-1454520,56580,BREACH
120.050634,Asshole,Tick,211,110,101,-91,150200,150600,5020,-1454520,21180,BREACH
120.297019,Asshole,Tick,211,110,101,-91,150200,150600,5020,-1454520,21180,BREACH
120.514049,Asshole,Tick,211,110,101,-91,150200,150600,5020,-1454520,21180,BREACH
120.7448,Asshole,Tick,211,110,101,-91,150200,150600,5020,-1454520,21180,BREACH
121.031521,Asshole,Tick,211,110,101,-91,150200,150600,5020,-1454520,21180,BREACH
121.293979,Asshole,Tick,211,110,101,-91,150000,150600,5020,-1454520,21180,BREACH
121.495713,Asshole,Tick,211,110,101,-91,150000,150600,5020,-1454520,21180,BREACH
121.764313,Asshole,Tick,211,110,101,-91,150000,150600,5020,-1454520,21180,BREACH
122.006318,Asshole,Tick,211,110,101,-91,150100,150600,5020,-1454520,21180,BREACH
122.290724,Asshole,Tick,211,110,101,-91,150100,150500,5020,-1454520,20180,BREACH
122.548459,Asshole,Tick,211,110,101,-91,150100,150500,5020,-1454520,20180,BREACH
122.702609,Asshole,Tick,211,110,101,-91,150100,150500,5020,-1454520,20180,BREACH
123.017783,Asshole,Tick,211,110,101,-91,150100,150500,5020,-1454520,20180,BREACH
123.2941,Asshole,Tick,211,110,101,-91,150100,150400,5020,-1454520,19180,BREACH
123.452151,Asshole,Tick,211,110,101,-91,150100,150400,5020,-1454520,19180,BREACH
123.722678,Asshole,Tick,211,110,101,-91,150400,150400,5020,-1454520,49480,BREACH
124.044695,Asshole,Tick,211,110,101,-91,150400,150400,5020,-1454520,49480,BREACH
124.243641,Asshole,Tick,211,110,101,-91,150600,150400,5020,-1454520,69680,BREACH
124.519519,Asshole,Tick,211,110,101,-91,150600,150400,5020,-1454520,69680,BREACH
124.777838,Asshole,Tick,211,110,101,-91,150600,150400,5020,-1454520,69680,BREACH
125.047416,Asshole,Tick,211,110,101,-91,150600,150400,5020,-1454520,69680,BREACH
125.246978,Asshole,Tick,211,110,101,-91,150600,150400,5020,-1454520,69680,BREACH
125.530513,Asshole,Tick,211,110,101,-91,150400,150400,5020,-1454520,49480,BREACH
125.726112,Asshole,Tick,211,110,101,-91,150400,150400,5020,-1454520,49480,BREACH
125.992711,Asshole,Tick,211,110,101,-91,150400,150700,5020,-1454520,22180,BREACH
126.217487,Asshole,Tick,211,110,101,-91,150400,150900,5020,-1454520,24180,BREACH
126.474684,Asshole,Tick,211,110,101,-91,150500,151200,5020,-1454520,27180,BREACH
126.763069,Asshole,Tick,211,110,101,-91,150500,151000,5020,-1454520,25180,BREACH
127.039399,Asshole,Tick,211,110,101,-91,150500,151000,5020,-1454520,25180,BREACH
127.295184,Asshole,Tick,211,110,101,-91,150500,150800,5020,-1454520,23180,BREACH
127.486447,Asshole,Tick,211,110,101,-91,150500,150700,5020,-1454520,32280,BREACH
127.763284,Asshole,Tick,211,110,101,-91,150500,150400,5020,-1454520,59580,BREACH
128.022943,Asshole,Tick,211,110,101,-91,150700,150300,5020,-1454520,78780,BREACH
128.271318,Asshole,Tick,211,110,101,-91,150700,150300,5020,-1454520,78780,BREACH
128.464513,Asshole,Tick,211,110,101,-91,150700,150200,5020,-1454520,77780,BREACH
128.721957,Asshole,Tick,211,110,101,-91,150700,150200,5020,-1454520,77780,BREACH
129.033125,Asshole,Tick,211,110,101,-91,150700,150200,5020,-1454520,77780,BREACH
129.246822,Asshole,Tick,211,110,101,-91,150700,150200,5020,-1454520,77780,BREACH
129.463081,Asshole,Tick,211,110,101,-91,151000,150400,5020,-1454520,79780,BREACH
129.725795,Asshole,Tick,211,110,101,-91,151000,150400,5020,-1454520,79780,BREACH
130.049736,Asshole,Tick,211,110,101,-91,151000,150400,5020,-1454520,79780,BREACH
130.262334,Asshole,Tick,211,110,101,-91,151000,150400,5020,-1454520,79780,BREACH
130.526103,Asshole,Tick,211,110,101,-91,151000,150400,5020,-1454520,79780,BREACH
130.751437,Asshole,Tick,211,110,101,-91,151000,150400,5020,-1454520,79780,BREACH
131.023422,Asshole,Tick,211,110,101,-91,150400,150400,5020,-1454520,49480,BREACH
131.263363,Asshole,Tick,211,110,101,-91,150400,150100,5020,-1454520,76780,BREACH
131.510394,Asshole,Tick,211,110,101,-91,150400,150100,5020,-1454520,76780,BREACH
131.758524,Asshole,Tick,211,110,101,-91,150400,150100,5020,-1454520,76780,BREACH
131.987911,Asshole,Tick,211,110,101,-91,150800,150100,5020,-1454520,76780,BREACH
132.258644,Asshole,Tick,211,110,101,-91,150400,149800,5020,-1454520,73780,BREACH
132.486559,Asshole,Tick,211,110,101,-91,150400,149800,5020,-1454520,73780,BREACH
132.716088,Asshole,Tick,211,110,101,-91,150400,149600,5020,-1454520,61680,BREACH
132.974607,Asshole,Tick,211,110,101,-91,150400,149600,5020,-1454520,61680,BREACH
133.252538,Asshole,Tick,211,110,101,-91,150200,149600,5020,-1454520,61680,BREACH
133.464205,Asshole,Tick,211,110,101,-91,150200,149600,5020,-1454520,61680,BREACH
133.795583,Asshole,Tick,211,110,101,-91,149800,149500,5020,-1454520,60680,BREACH
134.019007,Asshole,Tick,211,110,101,-91,149800,149600,5020,-1454520,61680,BREACH
134.238232,Asshole,Tick,211,110,101,-91,149800,149600,5020,-1454520,61680,BREACH
134.512583,Asshole,Tick,211,110,101,-91,149800,149700,5020,-1454520,52580,BREACH
134.734342,Asshole,Tick,211,110,101,-91,149800,149700,5020,-1454520,52580,BREACH
135.041633,Asshole,Tick,211,110,101,-91,149800,149800,5020,-1454520,43480,BREACH
135.278238,Asshole,Tick,211,110,101,-91,149300,149800,5020,-1454520,13180,BREACH
135.464958,Asshole,Tick,211,110,101,-91,149300,149800,5020,-1454520,13180,BREACH
135.770552,Asshole,Tick,211,110,101,-91,149300,149900,5020,-1454520,14180,BREACH
136.018046,Asshole,Tick,211,110,101,-91,149300,149900,5020,-1454520,14180,BREACH
136.217385,Asshole,Tick,211,110,101,-91,149300,149900,5020,-1454520,14180,BREACH
136.509629,Asshole,Tick,211,110,101,-91,149300,149900,5020,-1454520,14180,BREACH
136.710313,Asshole,Tick,211,110,101,-91,149300,149800,5020,-1454520,13180,BREACH
136.955581,Asshole,Tick,211,110,101,-91,149300,149600,5020,-1454520,21280,BREACH
137.268935,Asshole,Tick,211,110,101,-91,149300,149600,5020,-1454520,21280,BREACH
137.458367,Asshole,Tick,211,110,101,-91,149300,149600,5020,-1454520,21280,BREACH
137.780309,Asshole,Tick,211,110,101,-91,149300,149300,5020,-1454520,38480,BREACH
137.990448,Asshole,Tick,211,110,101,-91,149300,149300,5020,-1454520,38480,BREACH
138.214935,Asshole,Tick,211,110,101,-91,149300,149300,5020,-1454520,38480,BREACH
138.51989,Asshole,Tick,211,110,101,-91,149300,149300,5020,-1454520,38480,BREACH
138.73255,Asshole,Tick,211,110,101,-91,149300,149100,5020,-1454520,56680,BREACH
139.010608,Asshole,Tick,211,110,101,-91,149300,149100,5020,-1454520,56680,BREACH
139.223989,Asshole,Tick,211,110,101,-91,149300,149100,5020,-1454520,56680,BREACH
139.511111,Asshole,Tick,211,110,101,-91,149300,149300,5020,-1454520,38480,BREACH
139.727015,Asshole,Tick,211,110,101,-91,149300,149300,5020,-1454520,38480,BREACH
139.986096,Asshole,Tick,211,110,101,-91,149300,149300,5020,-1454520,38480,BREACH
140.230439,Asshole,Tick,211,110,101,-91,149300,149300,5020,-1454520,38480,BREACH
140.515199,Asshole,Tick,211,110,101,-91,149600,149300,5020,-1454520,58680,BREACH
140.732041,Asshole,Tick,211,110,101,-91,149600,149300,5020,-1454520,58680,BREACH
140.963488,Asshole,Tick,211,110,101,-91,149600,149300,5020,-1454520,58680,BREACH
141.26046,Asshole,Tick,211,110,101,-91,149600,149300,5020,-1454520,58680,BREACH
141.505041,Asshole,Tick,211,110,101,-91,150200,149300,5020,-1454520,58680,BREACH
141.763318,Asshole,Tick,211,110,101,-91,150200,149500,5020,-1454520,60680,BREACH
141.972204,Asshole,Tick,211,110,101,-91,150200,149500,5020,-1454520,60680,BREACH
142.231715,Asshole,Tick,211,110,101,-91,150200,149500,5020,-1454520,60680,BREACH
142.537991,Asshole,Tick,211,110,101,-91,150200,149500,5020,-1454520,60680,BREACH
142.770798,Asshole,Tick,211,110,101,-91,150200,149500,5020,-1454520,60680,BREACH
142.984043,Asshole,Tick,211,110,101,-91,150200,149500,5020,-1454520,60680,BREACH
143.296589,Asshole,Tick,211,110,101,-91,150200,149500,5020,-1454520,60680,BREACH
143.531398,Asshole,Tick,211,110,101,-91,150200,149700,5020,-1454520,62680,BREACH
143.702596,Asshole,Tick,211,110,101,-91,150200,149700,5020,-1454520,62680,BREACH
143.981156,Asshole,Tick,211,110,101,-91,149200,149700,5020,-1454520,22280,BREACH
144.255423,Asshole,Tick,211,110,101,-91,149200,149700,5020,-1454520,22280,BREACH
144.520303,Asshole,Tick,211,110,101,-91,149100,149700,5020,-1454520,22280,BREACH
144.741659,Asshole,Tick,211,110,101,-91,149100,149700,5020,-1454520,22280,BREACH
144.98627,Asshole,Tick,211,110,101,-91,149100,149700,5020,-1454520,22280,BREACH
145.224458,Asshole,Tick,211,110,101,-91,149100,149700,5020,-1454520,22280,BREACH
145.520269,Asshole,Tick,211,110,101,-91,149100,149700,5020,-1454520,22280,BREACH
145.780019,Asshole,Tick,211,110,101,-91,149100,149700,5020,-1454520,22280,BREACH
145.968241,Asshole,Tick,211,110,101,-91,149100,149700,5020,-1454520,22280,BREACH
146.276283,Asshole,Tick,211,110,101,-91,149100,149500,5020,-1454520,20280,BREACH
146.500329,Asshole,Tick,211,110,101,-91,149100,149500,5020,-1454520,20280,BREACH
146.73947,Asshole,Tick,211,110,101,-91,149100,149700,5020,-1454520,22280,BREACH
147.004544,Asshole,Tick,211,110,101,-91,149100,149700,5020,-1454520,22280,BREACH
147.299031,Asshole,Tick,211,110,101,-91,149100,149600,5020,-1454520,21280,BREACH
147.458677,Asshole,Tick,211,110,101,-91,149100,149600,5020,-1454520,21280,BREACH
147.759958,Asshole,Tick,211,110,101,-91,149100,149600,5020,-1454520,21280,BREACH
148.048756,Asshole,Tick,211,110,101,-91,149100,149600,5020,-1454520,21280,BREACH
148.245776,Asshole,Tick,211,110,101,-91,149100,149600,5020,-1454520,21280,BREACH
148.546567,Asshole,Tick,211,110,101,-91,149100,149600,5020,-1454520,21280,BREACH
148.724449,Asshole,Tick,211,110,101,-91,149100,149600,5020,-1454520,21280,BREACH
148.988157,Asshole,Tick,211,110,101,-91,149100,149600,5020,-1454520,21280,BREACH
149.273279,Asshole,Tick,211,110,101,-91,149100,149600,5020,-1454520,21280,BREACH
149.518826,Asshole,Tick,211,110,101,-91,150600,150100,5020,-1454520,76780,BREACH
149.796751,Asshole,Tick,211,110,101,-91,150600,150100,5020,-1454520,76780,BREACH
149.996057,Asshole,Tick,211,110,101,-91,150600,150100,5020,-1454520,76780,BREACH
150.291483,Asshole,Tick,211,110,101,-91,150600,150100,5020,-1454520,76780,BREACH
150.45711,Asshole,Tick,211,110,101,-91,150600,150100,5020,-1454520,76780,BREACH
150.734179,Asshole,Tick,211,110,101,-91,150600,150100,5020,-1454520,76780,BREACH
151.00562,Asshole,Tick,211,110,101,-91,150600,150100,5020,-1454520,76780,BREACH
151.27562,Asshole,Tick,211,110,101,-91,150600,150100,5020,-1454520,76780,BREACH
151.484317,Asshole,Tick,211,110,101,-91,150600,150100,5020,-1454520,76780,BREACH
151.756304,Asshole,Tick,211,110,101,-91,150600,150100,5020,-1454520,76780,BREACH
151.970588,Asshole,Tick,211,110,101,-91,150600,150100,5020,-1454520,76780,BREACH
152.241284,Asshole,Tick,211,110,101,-91,150600,150100,5020,-1454520,76780,BREACH
152.492322,Asshole,Tick,211,110,101,-91,150600,150100,5020,-1454520,76780,BREACH
152.798166,Asshole,Tick,211,110,101,-91,150600,150100,5020,-1454520,76780,BREACH
153.031522,Asshole,Tick,211,110,101,-91,150400,150100,5020,-1454520,76780,BREACH
153.293565,Asshole,Tick,211,110,101,-91,150400,149800,5020,-1454520,73780,BREACH
153.464994,Asshole,Tick,211,110,101,-91,150400,149800,5020,-1454520,73780,BREACH
153.725876,Asshole,Tick,211,110,101,-91,150400,149800,5020,-1454520,73780,BREACH
153.953644,Asshole,Tick,211,110,101,-91,150400,150100,5020,-1454520,76780,BREACH
154.224435,Asshole,Tick,211,110,101,-91,150400,150100,5020,-1454520,76780,BREACH
154.476793,Asshole,Tick,211,110,101,-91,150400,150100,5020,-1454520,76780,BREACH
154.728985,Asshole,Tick,211,110,101,-91,150400,150100,5020,-1454520,76780,BREACH
154.963319,Asshole,Tick,211,110,101,-91,150400,150100,5020,-1454520,76780,BREACH
155.237829,Asshole,Tick,211,110,101,-91,150400,150100,5020,-1454520,76780,BREACH
155.494887,Asshole,Tick,211,110,101,-91,150400,150300,5020,-1454520,58580,BREACH
155.704466,Asshole,Tick,211,110,101,-91,150400,150300,5020,-1454520,58580,BREACH
155.991692,Asshole,Tick,211,110,101,-91,150400,150300,5020,-1454520,58580,BREACH
156.257054,Asshole,Tick,211,110,101,-91,150400,150300,5020,-1454520,58580,BREACH
156.536989,Asshole,Tick,211,110,101,-91,150400,150300,5020,-1454520,58580,BREACH
156.714697,Asshole,Tick,211,110,101,-91,150400,150300,5020,-1454520,58580,BREACH
157.008129,Asshole,Tick,211,110,101,-91,150400,150300,5020,-1454520,58580,BREACH
157.211371,Asshole,Tick,211,110,101,-91,150600,150300,5020,-1454520,78780,BREACH
157.506707,Asshole,Tick,211,110,101,-91,150600,150300,5020,-1454520,78780,BREACH
157.796413,Asshole,Tick,211,110,101,-91,150600,150300,5020,-1454520,78780,BREACH
158.037033,Asshole,Tick,211,110,101,-91,150600,150300,5020,-1454520,78780,BREACH
158.236841,Asshole,Tick,211,110,101,-91,150600,150300,5020,-1454520,78780,BREACH
158.486001,Asshole,Tick,211,110,101,-91,150500,150300,5020,-1454520,68680,BREACH
158.77647,Asshole,Tick,211,110,101,-91,150500,150300,5020,-1454520,68680,BREACH
158.970499,Asshole,Tick,211,110,101,-91,150500,150400,5020,-1454520,59580,BREACH
159.236503,Asshole,Tick,211,110,101,-91,150600,150400,5020,-1454520,69680,BREACH
159.551636,Asshole,Tick,211,110,101,-91,150600,150400,5020,-1454520,69680,BREACH
159.723989,Asshole,Tick,211,110,101,-91,150600,150400,5020,-1454520,69680,BREACH
159.976837,Asshole,Tick,211,110,101,-91,150600,150400,5020,-1454520,69680,BREACH
160.242144,Asshole,Tick,211,110,101,-91,150600,150400,5020,-1454520,69680,BREACH
160.452505,Asshole,Tick,211,110,101,-91,150600,150400,5020,-1454520,69680,BREACH
160.707486,Asshole,Tick,211,110,101,-91,150600,150200,5020,-1454520,77780,BREACH
160.964396,Asshole,Tick,211,110,101,-91,150600,150200,5020,-1454520,77780,BREACH
161.213446,Asshole,Tick,211,110,101,-91,150600,150200,5020,-1454520,77780,BREACH
161.528335,Asshole,Tick,211,110,101,-91,150600,150200,5020,-1454520,77780,BREACH
161.743371,Asshole,Tick,211,110,101,-91,150600,150200,5020,-1454520,77780,BREACH
162.051946,Asshole,Tick,211,110,101,-91,150600,150200,5020,-1454520,77780,BREACH
162.254852,Asshole,Tick,211,110,101,-91,150800,150800,5020,-1454520,53480,BREACH
162.53261,Asshole,Tick,211,110,101,-91,150800,150800,5020,-1454520,53480,BREACH
162.750361,Asshole,Tick,211,110,101,-91,150800,150700,5020,-1454520,62580,BREACH
163.021402,Asshole,Tick,211,110,101,-91,150800,150700,5020,-1454520,62580,BREACH
163.293301,Asshole,Tick,211,110,101,-91,150800,150800,5020,-1454520,53480,BREACH
163.488747,Asshole,Tick,211,110,101,-91,150800,150800,5020,-1454520,53480,BREACH
163.748363,Asshole,Tick,211,110,101,-91,150800,150800,5020,-1454520,53480,BREACH
164.007219,Asshole,Tick,211,110,101,-91,150800,150800,5020,-1454520,53480,BREACH
164.278711,Asshole,Tick,211,110,101,-91,150800,151000,5020,-1454520,35280,BREACH
164.487027,Asshole,Tick,211,110,101,-91,150800,150900,5020,-1454520,44380,BREACH
164.755806,Asshole,Tick,211,110,101,-91,150800,150900,5020,-1454520,44380,BREACH
165.017366,Asshole,Tick,211,110,101,-91,150800,151000,5020,-1454520,35280,BREACH
165.265646,Asshole,Tick,211,110,101,-91,151300,151000,5020,-1454520,85780,BREACH
165.546205,Asshole,Tick,211,110,101,-91,151300,151000,5020,-1454520,85780,BREACH
165.71507,Asshole,Tick,211,110,101,-91,151300,151000,5020,-1454520,85780,BREACH
166.011882,Asshole,Tick,211,110,101,-91,151300,151000,5020,-1454520,85780,BREACH
166.239469,Asshole,Tick,211,110,101,-91,151400,151100,5020,-1454520,86780,BREACH
166.519316,Asshole,Tick,211,110,101,-91,151400,151100,5020,-1454520,86780,BREACH
166.799369,Asshole,Tick,211,110,101,-91,151400,151100,5020,-1454520,86780,BREACH
166.987574,Asshole,Tick,211,110,101,-91,151400,151100,5020,-1454520,86780,BREACH
167.249143,Asshole,Tick,211,110,101,-91,151400,151100,5020,-1454520,86780,BREACH
167.521528,Asshole,Tick,211,110,101,-91,151400,151100,5020,-1454520,86780,BREACH
167.748149,Asshole,Tick,211,110,101,-91,151400,151100,5020,-1454520,86780,BREACH
168.028994,Asshole,Tick,211,110,101,-91,151400,151100,5020,-1454520,86780,BREACH
168.277041,Asshole,Tick,211,110,101,-91,151400,151100,5020,-1454520,86780,BREACH
168.496796,Asshole,Tick,211,110,101,-91,151400,151100,5020,-1454520,86780,BREACH
168.798526,Asshole,Tick,211,110,101,-91,151400,151100,5020,-1454520,86780,BREACH
169.026638,Asshole,Tick,211,110,101,-91,151400,151100,5020,-1454520,86780,BREACH
169.225091,Asshole,Tick,211,110,101,-91,151100,150500,5020,-1454520,80780,BREACH
169.541279,Asshole,Tick,211,110,101,-91,151100,150500,5020,-1454520,80780,BREACH
169.778908,Asshole,Tick,211,110,101,-91,151100,150800,5020,-1454520,83780,BREACH
170.045392,Asshole,Tick,211,110,101,-91,151100,150700,5020,-1454520,82780,BREACH
170.275465,Asshole,Tick,211,110,101,-91,151100,150700,5020,-1454520,82780,BREACH
170.460485,Asshole,Tick,211,110,101,-91,151100,150700,5020,-1454520,82780,BREACH
170.722475,Asshole,Tick,211,110,101,-91,151100,150500,5020,-1454520,80780,BREACH
170.969933,Asshole,Tick,211,110,101,-91,151100,150500,5020,-1454520,80780,BREACH
171.210703,Asshole,Tick,211,110,101,-91,151100,150500,5020,-1454520,80780,BREACH
171.49315,Asshole,Tick,211,110,101,-91,150500,150500,5020,-1454520,50480,BREACH
171.799783,Asshole,Tick,211,110,101,-91,150400,150500,5020,-1454520,40380,BREACH
172.00483,Asshole,Tick,211,110,101,-91,151200,150500,5020,-1454520,80780,BREACH
172.240722,Asshole,Tick,211,110,101,-91,151200,150500,5020,-1454520,80780,BREACH
172.456358,Asshole,Tick,211,110,101,-91,151200,150500,5020,-1454520,80780,BREACH
172.710409,Asshole,Tick,211,110,101,-91,151000,150500,5020,-1454520,80780,BREACH
173.040186,Asshole,Tick,211,110,101,-91,151000,150500,5020,-1454520,80780,BREACH
173.238583,Asshole,Tick,211,110,101,-91,151000,150500,5020,-1454520,80780,BREACH
173.529661,Asshole,Tick,211,110,101,-91,151000,150500,5020,-1454520,80780,BREACH
173.713947,Asshole,Tick,211,110,101,-91,151000,150500,5020,-1454520,80780,BREACH
173.995819,Asshole,Tick,211,110,101,-91,151000,150500,5020,-1454520,80780,BREACH
174.243263,Asshole,Tick,211,110,101,-91,151000,150500,5020,-1454520,80780,BREACH
174.459117,Asshole,Tick,211,110,101,-91,151000,150500,5020,-1454520,80780,BREACH
174.781589,Asshole,Tick,211,110,101,-91,151000,150600,5020,-1454520,81780,BREACH
174.994799,Asshole,Tick,211,110,101,-91,151000,150600,5020,-1454520,81780,BREACH
175.28,Asshole,Tick,211,110,101,-91,151000,150600,5020,-1454520,81780,BREACH
175.484246,Asshole,Tick,211,110,101,-91,150800,150600,5020,-1454520,71680,BREACH
175.782491,Asshole,Tick,211,110,101,-91,150800,150600,5020,-1454520,71680,BREACH
175.996903,Asshole,Tick,211,110,101,-91,150800,150600,5020,-1454520,71680,BREACH
176.242059,Asshole,Tick,211,110,101,-91,150800,150600,5020,-1454520,71680,BREACH
176.472169,Asshole,Tick,211,110,101,-91,150800,150600,5020,-1454520,71680,BREACH
176.736861,Asshole,Tick,211,110,101,-91,150800,150600,5020,-1454520,71680,BREACH
177.022055,Asshole,Tick,211,110,101,-91,150800,150600,5020,-1454520,71680,BREACH
177.243376,Asshole,Tick,211,110,101,-91,150800,150600,5020,-1454520,71680,BREACH
177.494826,Asshole,Tick,211,110,101,-91,151200,150600,5020,-1454520,81780,BREACH
177.764365,Asshole,Tick,211,110,101,-91,151200,150300,5020,-1454520,78780,BREACH
178.016839,Asshole,Tick,211,110,101,-91,151200,150300,5020,-1454520,78780,BREACH
178.257168,Asshole,Tick,211,110,101,-91,151200,150300,5020,-1454520,78780,BREACH
178.490294,Asshole,Tick,211,110,101,-91,151200,150200,5020,-1454520,77780,BREACH
178.801901,Asshole,Tick,211,110,101,-91,151200,150200,5020,-1454520,77780,BREACH
179.012378,Asshole,Tick,211,110,101,-91,151200,150200,5020,-1454520,77780,BREACH
179.277863,Asshole,Tick,211,110,101,-91,151200,149900,5020,-1454520,74780,BREACH
179.541478,Asshole,Tick,211,110,101,-91,150400,149900,5020,-1454520,74780,BREACH
179.73452,Asshole,Tick,211,110,101,-91,150400,149900,5020,-1454520,74780,BREACH
179.957737,Asshole,Tick,211,110,101,-91,150400,149900,5020,-1454520,74780,BREACH
180.279066,Asshole,Tick,211,110,101,-91,150000,149800,5020,-1454520,63680,BREACH
180.547087,Asshole,Tick,211,110,101,-91,150000,149800,5020,-1454520,63680,BREACH
180.732813,Asshole,Tick,211,110,101,-91,150000,149900,5020,-1454520,54580,BREACH
181.02544,Asshole,Tick,211,110,101,-91,150000,149900,5020,-1454520,54580,BREACH
181.239464,Asshole,Tick,211,110,101,-91,150000,150000,5020,-1454520,45480,BREACH
181.545082,Asshole,Tick,211,110,101,-91,149700,149900,5020,-1454520,24280,BREACH
181.786752,Asshole,Tick,211,110,101,-91,149700,149900,5020,-1454520,24280,BREACH
182.008567,Asshole,Tick,211,110,101,-91,149700,149900,5020,-1454520,24280,BREACH
182.204734,Asshole,Tick,211,110,101,-91,149700,149900,5020,-1454520,24280,BREACH
182.533084,Asshole,Tick,211,110,101,-91,149700,149900,5020,-1454520,24280,BREACH
182.77021,Asshole,Tick,211,110,101,-91,149700,149900,5020,-1454520,24280,BREACH
182.955685,Asshole,Tick,211,110,101,-91,149700,149900,5020,-1454520,24280,BREACH
183.281966,Asshole,Tick,211,110,101,-91,149700,149900,5020,-1454520,24280,BREACH
183.477276,Asshole,Tick,211,110,101,-91,149700,150000,5020,-1454520,15180,BREACH
183.761053,Asshole,Tick,211,110,101,-91,149700,150000,5020,-1454520,15180,BREACH
184.040971,Asshole,Tick,211,110,101,-91,149700,150000,5020,-1454520,15180,BREACH
184.224347,Asshole,Tick,211,110,101,-91,149700,149700,5020,-1454520,42480,BREACH
184.547434,Asshole,Tick,211,110,101,-91,149700,149700,5020,-1454520,42480,BREACH
184.768374,Asshole,Tick,211,110,101,-91,149700,149700,5020,-1454520,42480,BREACH
185.044039,Asshole,Tick,211,110,101,-91,149700,150000,5020,-1454520,15180,BREACH
185.240205,Asshole,Tick,211,110,101,-91,149700,150000,5020,-1454520,15180,BREACH
185.536909,Asshole,Tick,211,110,101,-91,149700,150000,5020,-1454520,15180,BREACH
185.715204,Asshole,Tick,211,110,101,-91,149700,150000,5020,-1454520,15180,BREACH
186.00422,Asshole,Tick,211,110,101,-91,149700,150000,5020,-1454520,15180,BREACH
186.243283,Asshole,Tick,211,110,101,-91,149600,149800,5020,-1454520,23280,BREACH
186.527743,Asshole,Tick,211,110,101,-91,149600,149800,5020,-1454520,23280,BREACH
186.763758,Asshole,Tick,211,110,101,-91,149600,149800,5020,-1454520,23280,BREACH
186.963251,Asshole,Tick,211,110,101,-91,149600,149800,5020,-1454520,23280,BREACH
